"####","ad_advertisers","ad_num","ad_publishers","blinks_domains","blinks_ips","blinks_num","domain","org_cost","org_kw","org_num","org_rank","sem_cost","sem_kw","sem_num"
"","0","0","0","20.6K","23.0K","3.0M","gfycat.com","$38.3K","459K","194K","9.5K","$0","0","0"
"","0","1.7K","3.0K","49.3K","42.8K","8.6M","shopify.com","$4.5M","1.1M","1.4M","1.6K","$1.1M","138K","220K"
"","0","0","0","32.0K","29.1K","5.2M","wattpad.com","$1.9M","3.0M","4.6M","525","$184","377","735"
"","0","0","0","62.3K","54.8K","11.8M","500px.com","$107K","233K","146K","12.1K","$670","310","775"
"","0","0","0","62.3K","54.8K","11.8M","500px.com","$107K","233K","146K","12.1K","$670","310","775"
"","0","0","0","88.4K","80.1K","42.9M","drupal.org","$1.1M","483K","422K","4.8K","$0","1","0"
"","0","0","0","2.4K","2.7K","104K","koreaboo.com","$18.8K","111K","147K","12.0K","$0","0","0"
"","0","0","0","11.7K","12.6K","2.7M","tineye.com","$185K","11.0K","250K","7.6K","$0","0","0"
"","0","0","0","8.8K","9.3K","157K","freshbooks.com","$193K","54.0K","82.2K","19.9K","$52.0K","7.3K","13.2K"
"","0","0","0","2.7K","3.0K","27.3K","waveapps.com","$572K","39.3K","131K","13.2K","$31.0K","3.3K","8.0K"
"","0","0","0","2.7K","3.0K","27.3K","waveapps.com","$572K","39.3K","131K","13.2K","$31.0K","3.3K","8.0K"
"","0","0","0","79","86","5.8K","witkit.com","$0","3","0","41.8M","$0","0","0"
"","0","0","0","9.6K","9.9K","103K","unbounce.com","$237K","39.0K","36.0K","40.1K","$3.5K","817","1.2K"
"","0","2","2","10.4K","8.9K","1.4M","kobo.com","$78.3K","394K","147K","11.9K","$3.8K","903","3.5K"
"","0","0","0","743","941","16.2K","tophat.com","$90.2K","17.2K","123K","13.9K","$116","70","57"
"","0","0","0","1.8K","2.1K","31.6K","kleientertainment.com","$4.2K","36.2K","20.6K","63.4K","$0","0","0"
"","0","0","0","4.9K","5.2K","76.4K","examine.com","$1.2M","166K","1.3M","1.8K","$0","0","0"
"","0","0","0","12.9K","13.8K","323K","trendhunter.com","$44.8K","261K","63.4K","24.9K","$183","177","119"
"","0","0","0","3.7K","3.7K","43.9K","venngage.com","$118K","62.2K","63.9K","24.8K","$7.1K","420","2.7K"
"","0","0","0","4.0K","4.0K","114K","storybird.com","$148K","43.2K","123K","14.0K","$0","0","0"
"","0","0","0","479","518","1.7K","momentumdash.com","$12.4K","4.5K","9.8K","115K","$0","0","0"
"","0","0","0","5.9K","6.2K","2.4M","engineering.com","$765K","190K","238K","7.9K","$101","13","74"
"","0","0","0","1.1K","1.2K","22.0K","busbud.com","$172K","189K","355K","5.6K","$610","2.2K","1.3K"
"","0","0","0","284","305","2.4K","yroo.com","$8","12.0K","24","5.3M","$769","231","379"
"","0","12","12","3.0K","2.8K","55.4K","checkfront.com","$16.2K","12.6K","5.7K","180K","$1.1K","268","655"
"","0","12","12","3.0K","2.8K","55.4K","checkfront.com","$16.2K","12.6K","5.7K","180K","$1.1K","268","655"
"","0","0","0","2.5K","2.6K","158K","goldmoney.com","$8.7K","10.5K","5.4K","187K","$2.3K","454","829"
"","0","0","0","1.2K","1.2K","64.0M","varagesale.com","$251K","938K","175K","10.4K","$1","33","25"
"","0","0","0","1.2K","1.2K","64.0M","varagesale.com","$251K","938K","175K","10.4K","$1","33","25"
"","0","0","0","1.2K","1.2K","64.0M","varagesale.com","$251K","938K","175K","10.4K","$1","33","25"
"","0","0","0","1.2K","1.2K","64.0M","varagesale.com","$251K","938K","175K","10.4K","$1","33","25"
"","0","0","0","605","670","82.8K","clio.com","$308K","16.9K","69.6K","23.0K","$33.6K","1.8K","6.3K"
"","0","23","36","5.8K","5.9K","345K","format.com","$156K","52.0K","65.6K","24.2K","$1.6K","477","1.6K"
"","0","0","0","404","434","4.5K","chalk.com","$12.2K","2.3K","14.1K","86.3K","$0","0","0"
"","0","0","0","3.0K","3.2K","93.1K","uoit.ca","$7.5K","32.1K","12.7K","93.8K","$0","0","0"
"","0","0","0","3.0K","3.2K","93.1K","uoit.ca","$7.5K","32.1K","12.7K","93.8K","$0","0","0"
"","0","0","0","4.3K","4.1K","67.6K","bchydro.com","$32.2K","28.4K","20.8K","63.1K","$0","0","0"
"","0","117","189","6.7K","7.0K","2.0M","opentext.com","$258K","48.3K","71.2K","22.5K","$81.7K","11.9K","17.8K"
"","0","0","0","8.7K","8.9K","5.4M","uberflip.com","$30.7K","39.5K","8.8K","125K","$170","234","163"
"","0","0","0","8.7K","8.9K","5.4M","uberflip.com","$30.7K","39.5K","8.8K","125K","$170","234","163"
"","0","0","0","4.1K","4.6K","112K","vidyard.com","$46.0K","25.2K","14.7K","83.4K","$3.9K","343","1.4K"
"","0","0","0","4.1K","4.6K","112K","vidyard.com","$46.0K","25.2K","14.7K","83.4K","$3.9K","343","1.4K"
"","0","0","0","4.1K","4.6K","112K","vidyard.com","$46.0K","25.2K","14.7K","83.4K","$3.9K","343","1.4K"
"","0","0","0","4.1K","4.6K","112K","vidyard.com","$46.0K","25.2K","14.7K","83.4K","$3.9K","343","1.4K"
"","0","0","0","813","931","35.2K","wealthsimple.com","$2.0K","6.5K","1.8K","431K","$28.0K","5.3K","4.2K"
"","0","0","0","305","173","1.3K","askfortask.com","$168","1.1K","294","1.5M","$5","4","0"
"","0","0","0","1.5K","1.7K","79.0K","points.com","$59.4K","12.0K","28.8K","48.3K","$1.2K","205","554"
"","0","12","13","2.1K","2.2K","19.8K","indochino.com","$104K","26.1K","79.6K","20.4K","$15.2K","4.9K","10.1K"
"","0","0","0","2.0K","2.1K","87.1K","ecobee.com","$33.7K","12.6K","35.0K","41.1K","$749","224","1.1K"
"","0","0","0","2.4K","2.8K","207K","quandl.com","$46.1K","92.2K","37.6K","38.7K","$12.2K","1.4K","12.1K"
"","0","0","0","1.7K","1.9K","6.3K","keyhole.co","$80.2K","7.3K","17.7K","71.8K","$140","104","107"
"","0","0","0","5.6K","5.7K","91.2M","cbre.com","$35.7K","33.2K","33.8K","42.3K","$177","179","339"
"","0","0","0","5.6K","5.7K","91.2M","cbre.com","$35.7K","33.2K","33.8K","42.3K","$177","179","339"
"","23","24","0","4.3K","4.8K","140K","primatelabs.com","$47","4.2K","905","694K","$0","0","0"
"","0","0","0","861","757","6.2K","getjobber.com","$86.8K","13.2K","25.4K","53.6K","$10.9K","1.3K","2.7K"
"","0","0","0","861","757","6.2K","getjobber.com","$86.8K","13.2K","25.4K","53.6K","$10.9K","1.3K","2.7K"
"","0","0","0","895","833","58.2K","stickeryou.com","$597K","42.4K","186K","9.8K","$923","596","644"
"","0","0","0","5.0K","5.3K","257K","universe.com","$6.4K","14.3K","9.1K","122K","$3.9K","1.5K","3.0K"
"","0","0","0","3.4K","3.7K","55.2K","marsdd.com","$51.5K","70.0K","37.9K","38.4K","$0","0","0"
"","0","0","0","3.4K","3.7K","55.2K","marsdd.com","$51.5K","70.0K","37.9K","38.4K","$0","0","0"
"","0","0","0","3.4K","3.7K","55.2K","marsdd.com","$51.5K","70.0K","37.9K","38.4K","$0","0","0"
"","0","0","0","2.4K","2.4K","1.6M","loginradius.com","$43.3K","16.3K","21.1K","62.2K","$0","1","0"
"","0","0","0","879","859","4.7K","sweettoothrewards.com","$0","7","0","38.5M","$4","6","0"
"","0","58","74","1.4K","1.5K","9.3K","adestra.com","$1.3K","6.2K","824","742K","$0","0","0"
"","0","0","0","182","203","566","getinkbox.com","$0","41","0","33.1M","$230","470","508"
"","0","0","0","182","203","566","getinkbox.com","$0","41","0","33.1M","$230","470","508"
"","0","0","0","2.7K","2.7K","860K","vanillaforums.com","$9.2K","35.7K","12.5K","95.0K","$2.7K","211","399"
"","0","2","3","2.6K","810","316K","lightspeedhq.com","$158K","28.1K","42.5K","35.0K","$15.8K","939","3.6K"
"","0","2","2","1.9K","1.9K","27.2K","halogensoftware.com","$89.6K","23.0K","40.1K","36.7K","$32.0K","12.1K","8.1K"
"","0","2","2","1.9K","1.9K","27.2K","halogensoftware.com","$89.6K","23.0K","40.1K","36.7K","$32.0K","12.1K","8.1K"
"","0","0","0","1.2K","1.5K","21.9K","influitive.com","$15.5K","5.2K","2.4K","351K","$329","66","34"
"","0","0","0","462","373","3.5K","solium.com","$2.2K","3.6K","13.2K","91.0K","$231","22","64"
"","0","14","14","1.6K","1.3K","20.7K","pagecloud.com","$16.0K","15.0K","11.2K","104K","$10.4K","2.0K","7.9K"
"","0","0","0","1.1K","1.3K","38.5K","checkout51.com","$21.0K","5.5K","14.7K","83.6K","$0","0","0"
"","0","0","0","573","704","6.4K","sendwithus.com","$3.8K","2.4K","885","705K","$8","27","0"
"","0","0","0","573","704","6.4K","sendwithus.com","$3.8K","2.4K","885","705K","$8","27","0"
"","0","0","0","573","704","6.4K","sendwithus.com","$0","0","0","0","$0","0","0"
"","0","0","0","655","607","2.1K","whatrunswhere.com","$8.3K","2.3K","1.2K","558K","$70","16","47"
"","0","0","0","1.1K","1.1K","16.5K","lemonstand.com","$24.6K","17.5K","5.6K","183K","$5","4","0"
"","0","0","0","180K","152K","16.0M","gmail.com","$7.1M","2.3K","7.8M","319","$0","0","0"
"","0","0","0","393","452","8.3K","perk.com","$161K","2.1K","28.5K","48.8K","$0","0","0"
"","0","0","0","1.8K","1.9K","331K","pythian.com","$6.8K","10.2K","3.1K","290K","$1.6K","199","97"
"","0","0","0","373","432","1.8K","canopy.co","$30.9K","3.8K","37.9K","38.5K","$0","0","0"
"","0","0","0","650","588","7.9K","demacmedia.com","$10.2K","7.5K","2.1K","382K","$61","15","9"
"","0","0","0","14.0K","11.6K","2.1M","canadahelps.org","$2.3K","25.1K","2.1K","384K","$246","538","301"
"","0","0","0","2.6K","2.7K","264K","visioncritical.com","$16.1K","11.2K","7.8K","140K","$181","55","112"
"","0","0","0","648","570","2.9K","sortable.com","$114","1.2K","579","952K","$0","0","0"
"","0","0","0","648","570","2.9K","sortable.com","$114","1.2K","579","952K","$0","0","0"
"","0","1","1","1.6K","1.6K","37.9K","eventmobi.com","$48.8K","3.8K","4.4K","221K","$1.2K","294","917"
"","0","1","1","1.6K","1.6K","37.9K","eventmobi.com","$48.8K","3.8K","4.4K","221K","$1.2K","294","917"
"","0","1","1","207","224","33.9K","foursixty.com","$447","480","174","2.0M","$208","39","257"
"","0","0","0","806","936","4.4K","figure1.com","$8.2K","10.0K","4.5K","218K","$4","33","24"
"","0","0","0","1.1K","1.0K","16.6K","chickadvisor.com","$10.3K","105K","17.4K","72.9K","$0","0","0"
"null","","","","","","","","","","","","","",""
"","0","0","0","318","348","11.6K","shoeboxapp.com","$37.9K","5.2K","31.0K","45.4K","$0","0","0"
"","0","0","0","652","588","3.8K","kashoo.com","$47.2K","20.2K","16.3K","76.8K","$0","0","0"
"","0","0","0","1.8K","2.1K","41.1K","mitacs.ca","$539","11.7K","1.6K","455K","$0","0","0"
"","0","0","0","2.8K","3.0K","4.0M","mobify.com","$4.5K","4.2K","1.2K","582K","$15","4","7"
"","0","0","0","2.8K","3.0K","4.0M","mobify.com","$4.5K","4.2K","1.2K","582K","$15","4","7"
"","0","0","0","2.8K","3.0K","4.0M","mobify.com","$4.5K","4.2K","1.2K","582K","$15","4","7"
"","0","0","0","216","224","543","smartnora.com","$5.9K","919","7.9K","138K","$767","315","435"
"","0","1","1","991","1.1K","42.7K","d2l.com","$19.4K","8.8K","19.4K","66.9K","$0","1","0"
"","0","1","1","991","1.1K","42.7K","d2l.com","$19.4K","8.8K","19.4K","66.9K","$0","1","0"
"","0","0","0","373","388","3.3K","hubdoc.com","$1.6K","527","121","2.4M","$0","0","0"
"","0","0","0","426","473","3.7K","quicktapsurvey.com","$8.1K","4.2K","2.1K","378K","$303","176","124"
"","0","31","39","3.6K","2.9K","264K","cira.ca","$7.0K","6.5K","2.4K","349K","$1","21","1"
"","0","1","2","132","157","866","paymentevolution.com","$938","3.2K","2.0K","397K","$0","7","1"
"","0","105","165","751","685","6.8K","bluecatnetworks.com","$7.0K","2.4K","6.5K","161K","$2.9K","371","388"
"","0","0","0","197","239","3.3K","getorchard.com","$29.2K","19.0K","11.3K","103K","$3","26","56"
"","0","1","1","4.4K","3.5K","338K","opencare.com","$14.1K","37.6K","11.3K","103K","$2","31","8"
"","0","0","0","2.2K","2.3K","18.6K","sandvine.com","$3.5K","3.8K","2.1K","384K","$129","26","33"
"","0","0","0","2.2K","2.3K","18.6K","sandvine.com","$3.5K","3.8K","2.1K","384K","$129","26","33"
"","0","0","0","505","540","4.7K","hinterlandgames.com","$2.3K","645","4.9K","202K","$0","0","0"
"","0","0","0","272","319","1.2K","plum.io","$2.1K","2.2K","2.9K","304K","$239","72","117"
"","0","0","0","272","319","1.2K","plum.io","$2.1K","2.2K","2.9K","304K","$239","72","117"
"","0","0","0","600","586","10.6K","sprint.ly","$6.6K","1.6K","1.9K","418K","$0","0","0"
"","0","0","0","137","166","2.1K","bunz.com","$521","1.9K","282","1.5M","$0","1","0"
"","0","0","0","137","166","2.1K","bunz.com","$521","1.9K","282","1.5M","$0","1","0"
"","0","107","106","247","302","1.6K","borrowell.com","$112","1.3K","27","5.0M","$0","0","0"
"","0","0","0","697","535","5.1K","canadianwebhosting.com","$6.2K","2.5K","565","967K","$16","18","112"
"","0","32","93","130","151","570","needls.com","$22","305","25","5.2M","$2.6K","372","561"
"","0","32","93","130","151","570","needls.com","$22","305","25","5.2M","$2.6K","372","561"
"","0","0","0","318","356","36.8K","axonify.com","$1.1K","888","1.3K","525K","$468","34","126"
"","0","0","0","318","356","36.8K","axonify.com","$1.1K","888","1.3K","525K","$468","34","126"
"","0","0","0","946","906","10.2K","acl.com","$31.0K","13.5K","13.6K","88.6K","$2.1K","1.2K","1.2K"
"","0","0","0","106","108","984","micrometrics.com","$92","247","188","1.9M","$0","0","0"
"","0","0","0","250","125","1.1K","sourceknowledge.com","$110","175","190","1.9M","$0","0","0"
"","0","41","43","643","574","3.3K","iqmetrix.com","$2.2K","4.3K","3.5K","265K","$219","43","21"
"","0","0","0","158","185","8.8K","dashhudson.com","$1.6K","3.7K","919","686K","$1.5K","143","768"
"","0","0","0","481","390","4.3K","responsetek.com","$214","646","250","1.6M","$0","0","0"
"","0","0","0","100","103","800","nudge.ai","$0","0","0","0","$0","0","0"
"","0","0","0","100","103","800","nudge.ai","$784","642","437","1.1M","$2.2K","15","1.0K"
"","0","0","0","100","103","800","nudge.ai","$784","642","437","1.1M","$2.2K","15","1.0K"
"","0","2","2","113","169","855","thisopenspace.com","$8.8K","7.3K","2.4K","343K","$12","15","6"
"","0","2","2","113","169","855","thisopenspace.com","$8.8K","7.3K","2.4K","343K","$12","15","6"
"","0","0","0","278","364","2.2K","quiet.ly","$2.0K","6.5K","3.7K","253K","$0","10","0"
"","0","0","0","148","184","2.5K","growsumo.com","$17","254","8","7.6M","$0","1","0"
"","0","0","0","207","239","2.3K","auvik.com","$6.8K","6.9K","2.1K","379K","$3.5K","384","560"
"","0","0","0","766","728","60.4K","appnovation.com","$40.0K","7.9K","2.6K","329K","$9.4K","621","417"
"","0","0","0","766","728","60.4K","appnovation.com","$40.0K","7.9K","2.6K","329K","$9.4K","621","417"
"","0","0","0","93","122","2.4K","giftbit.com","$292","950","101","2.6M","$107","57","25"
"","0","0","0","911","681","2.5K","crowdriff.com","$126","1.3K","95","2.7M","$1","8","4"
"","0","0","0","911","681","2.5K","crowdriff.com","$126","1.3K","95","2.7M","$1","8","4"
"","0","0","0","230","264","2.6K","medgate.com","$27","366","3","9.8M","$129","239","46"
"","0","0","0","237","277","2.4K","affinio.com","$0","0","0","0","$0","0","0"
"","0","0","0","35","47","167","paytmlabs.com","$37","172","66","3.3M","$0","0","0"
"","0","0","0","0","0","0","sesamehq.com","$0","0","0","0","$0","0","0"
"","0","0","0","75","90","355","sesamehq.com","$101","210","256","1.6M","$0","0","0"
"","0","0","0","108","118","5.9K","commonsku.com","$259","309","63","3.4M","$13","15","0"
"","0","0","0","108","118","5.9K","commonsku.com","$259","309","63","3.4M","$13","15","0"
"","0","0","0","108","118","5.9K","commonsku.com","$259","309","63","3.4M","$13","15","0"
"","0","664","714","125","140","1.1K","fiixsoftware.com","$71.0K","2.7K","8.2K","134K","$4.3K","751","828"
"","0","0","0","400","307","2.2K","kudosnow.com","$3.4K","720","3.1K","288K","$9","10","0"
"","0","1","1","803","829","8.4K","elasticpath.com","$7.2K","1.8K","957","667K","$398","44","53"
"","0","0","0","1.6K","1.9K","16.8K","thalmic.com","$1.9K","2.5K","2.2K","366K","$0","0","0"
"","0","0","0","1.6K","1.9K","16.8K","thalmic.com","$1.9K","2.5K","2.2K","366K","$0","0","0"
"","0","0","0","1.6K","1.9K","16.8K","thalmic.com","$1.9K","2.5K","2.2K","366K","$0","0","0"
"","0","0","0","203","221","1.0K","crowdbabble.com","$1.1K","1.6K","491","1.1M","$0","0","0"
"null","","","","","","","","","","","","","",""
"","0","0","0","217","240","1.3K","league.com","$285","437","599","929K","$0","25","10"
"","0","0","0","5","5","41","rockstar-cafe.ca","$0","8","79","3.0M","$0","0","0"
"","0","0","0","217","240","1.3K","league.com","$285","437","599","929K","$0","25","10"
"","0","0","0","217","240","1.3K","league.com","$285","437","599","929K","$0","25","10"
"","0","0","0","217","240","1.3K","league.com","$285","437","599","929K","$0","25","10"
"","0","0","0","224","257","1.5K","postbeyond.com","$60","390","11","6.7M","$0","5","0"
"","0","0","0","193","229","6.3K","socialnature.com","$1.2K","3.9K","1.6K","468K","$0","0","0"
"","0","0","0","120","125","610","skooli.com","$17.1K","4.4K","4.0K","236K","$0","1","0"
"","0","0","0","549","617","8.0K","flytographer.com","$6.3K","4.6K","3.5K","261K","$43","42","13"
"","0","1","1","338","372","3.0K","theedgyveg.com","$10.2K","26.1K","17.1K","73.8K","$0","0","0"
"","0","0","0","305","341","1.4K","nucleuslife.com","$2.4K","2.2K","4.7K","209K","$303","383","3.0K"
"","0","0","0","438","503","3.1K","trulioo.com","$9.3K","4.8K","3.3K","273K","$377","71","158"
"","0","0","0","438","503","3.1K","trulioo.com","$9.3K","4.8K","3.3K","273K","$377","71","158"
"","0","0","0","1.1K","1.3K","20.2K","oce-ontario.org","$692","2.5K","729","810K","$0","6","1"
"","0","0","0","557","468","8.6K","startupnorth.ca","$356","1.4K","181","1.9M","$0","0","0"
"","0","0","0","1.2K","1.3K","15.7K","communitech.ca","$101","2.4K","427","1.2M","$0","0","0"
"","0","0","0","466","540","3.0K","socialinnovation.org","$2.3K","3.6K","4.2K","227K","$62","114","51"
"","0","0","0","633","711","7.2K","chimp.net","$3.9K","21.7K","3.5K","265K","$15","170","115"
"","0","0","0","65","86","309","plooto.co","$1","112","8","7.5M","$1.7K","155","420"
"","0","0","0","726","792","142K","qxmd.com","$28.5K","13.1K","37.5K","38.8K","$23","15","22"
"null","","","","","","","","","","","","","",""
"null","","","","","","","","","","","","","",""
"null","","","","","","","","","","","","","",""
"","0","0","0","270","279","1.8K","soapboxhq.com","$3.9K","1.4K","4.1K","231K","$0","0","0"
"","0","0","0","327","342","2.1K","miovision.com","$435","1.7K","391","1.2M","$312","75","92"
"","0","0","0","65","71","446","applyboard.com","$2.7K","12.5K","1.6K","460K","$0","0","0"
"","0","0","0","609","543","4.0K","oldsite.investottawa.ca","$1.1K","1.8K","407","1.2M","$348","1.1K","592"
"","0","0","0","96","62","486","condocontrolcentral.com","$2","123","50","3.9M","$52","10","10"
"","0","0","0","55","66","160","joist.com","$48.5K","582","12.1K","97.6K","$28","1","89"
"","0","0","0","55","66","160","joist.com","$48.5K","582","12.1K","97.6K","$28","1","89"
"","0","0","0","84","99","1.1K","qmo.io","$41","158","61","3.5M","$0","0","0"
"","0","0","0","84","99","1.1K","qmo.io","$41","158","61","3.5M","$0","0","0"
"","0","0","0","125","136","3.5K","alongside.com","$637","3.6K","451","1.1M","$29","50","449"
"","0","0","0","46","60","139","casalova.com","$9","1.2K","39","4.4M","$0","0","0"
"","0","0","0","46","60","139","casalova.com","$9","1.2K","39","4.4M","$0","0","0"
"","0","0","0","556","467","5.1K","campbrain.com","$934","1.5K","1.2K","560K","$43","6","0"
"","0","0","0","556","467","5.1K","campbrain.com","$934","1.5K","1.2K","560K","$43","6","0"
"","0","0","0","328","234","13.1K","uken.com","$702","215","1.5K","484K","$0","0","0"
"","0","0","0","328","234","13.1K","uken.com","$702","215","1.5K","484K","$0","0","0"
"","0","0","0","489","393","3.2K","ideacouture.com","$32","647","493","1.1M","$0","0","0"
"","0","0","0","104","115","495","hashtagpaid.com","$0","91","31","4.9M","$0","0","0"
"","0","0","0","593","669","11.5K","visier.com","$17.8K","1.9K","3.9K","241K","$199","5","49"
"","0","0","0","272","243","1.3K","echosec.net","$0","0","0","0","$0","0","0"
"","0","0","0","272","243","1.3K","echosec.net","$127","747","1.1K","598K","$0","2","0"
"","0","0","0","272","243","1.3K","echosec.net","$127","747","1.1K","598K","$0","2","0"
"","0","0","0","131","149","1.2K","helphub.me","$563","7.4K","340","1.3M","$0","0","0"
"","0","0","0","66","84","192","edusight.co","$147","134","780","772K","$0","0","0"
"","0","0","0","234","246","8.9K","pleora.com","$434","700","240","1.7M","$36","79","26"
"","0","0","0","334","238","2.1K","cardswap.ca","$286","2.6K","1.0K","641K","$0","0","0"
"","0","0","0","681","569","4.4K","fincad.com","$7.0K","7.2K","6.3K","166K","$0","0","0"
"","0","0","0","794","751","3.6M","lyricfind.com","$0","0","0","0","$0","0","0"
"","0","0","0","794","751","3.6M","lyricfind.com","$155","933","1.7K","448K","$0","0","0"
"","0","0","0","162","193","1.3K","sampler.io","$0","0","0","0","$0","0","0"
"","0","0","0","172","168","1.1K","trendmd.com","$6","200","5","8.5M","$0","0","0"
"","0","0","0","384","460","2.1K","eventbase.com","$17.8K","2.5K","1.0K","632K","$510","23","39"
"","0","0","0","384","460","2.1K","eventbase.com","$17.8K","2.5K","1.0K","632K","$510","23","39"
"","0","0","0","128","156","492","koho.ca","$10","125","478","1.1M","$0","0","0"
"","0","0","0","315","321","5.0K","mentorworks.ca","$300","2.6K","360","1.3M","$0","0","0"
"","0","0","0","506","420","1.6K","switchvideo.com","$5.4K","1.6K","813","749K","$648","247","216"
"","0","0","0","101","140","1.9K","wantoo.io","$0","192","6","8.3M","$0","2","0"
"","0","0","0","305","388","19.6K","taplytics.com","$1.3K","1.6K","777","774K","$0","0","0"
"","0","0","0","305","388","19.6K","taplytics.com","$1.3K","1.6K","777","774K","$0","0","0"
"","0","0","0","305","388","19.6K","taplytics.com","$1.3K","1.6K","777","774K","$0","0","0"
"","0","0","0","120","118","365","getsnaptravel.com","$155","5.5K","60","3.5M","$2","16","3"
"","0","0","0","120","118","365","getsnaptravel.com","$155","5.5K","60","3.5M","$2","16","3"
"","0","0","0","211","247","1.2K","financeit.io","$3.6K","937","1.0K","633K","$0","0","0"
"","0","0","0","103","121","325","zoom.ai","$4","121","29","4.9M","$0","0","0"
"","0","0","0","69","83","1.4K","inputhealth.com","$0","37","0","29.6M","$0","0","0"
"","0","0","0","61","76","413","knowledgehook.com","$0","113","3","9.8M","$0","0","0"
"","0","0","0","16","22","54","careerjsm.com","$0","60","1","12.7M","$0","0","0"
"","0","0","0","16","22","54","careerjsm.com","$0","60","1","12.7M","$0","0","0"
"","0","0","0","65","83","227","urbery.com","$48","58","12","6.6M","$1","1","0"
"","0","0","0","65","83","227","urbery.com","$48","58","12","6.6M","$1","1","0"
"","0","0","0","65","83","227","urbery.com","$48","58","12","6.6M","$1","1","0"
"","0","0","0","342","237","2.1K","pulsemicro.com","$0","151","0","33.1M","$8","24","19"
"","0","0","0","342","237","2.1K","pulsemicro.com","$0","151","0","33.1M","$8","24","19"
"","0","0","0","70","89","1.2K","spently.com","$2","126","4","9.3M","$0","0","0"
"","0","0","0","172","194","2.5K","appcanary.com","$63","412","11","6.9M","$14","91","704"
"","0","0","0","770","669","5.2K","aeryon.com","$156","894","452","1.1M","$0","2","0"
"","0","0","0","770","669","5.2K","aeryon.com","$156","894","452","1.1M","$0","2","0"
"","0","0","0","112","105","341","thenexband.com","$155","194","706","829K","$152","1","253"
"","0","0","0","223","250","5.8K","dejero.com","$52","964","50","3.8M","$664","209","198"
"","0","0","0","24","28","54","blockthrough.com","$0","74","0","14.6M","$0","0","0"
"","0","0","0","125","135","51.2K","expertisefinder.com","$357","2.0K","317","1.4M","$0","0","0"
"","0","0","0","45","56","173","akindi.com","$926","161","418","1.2M","$262","15","85"
"","0","0","0","45","56","173","akindi.com","$926","161","418","1.2M","$262","15","85"
"","0","0","0","93","109","329","clearbanc.com","$138","209","85","2.9M","$5","2","11"
"","0","0","0","93","109","329","clearbanc.com","$138","209","85","2.9M","$5","2","11"
"","0","0","0","938","915","7.4K","capybaragames.com","$15.3K","888","4.5K","216K","$0","0","0"
"","0","0","0","189","70","426","sensorsuite.com","$0","22","36","4.5M","$0","0","0"
"","0","0","0","189","70","426","sensorsuite.com","$0","22","36","4.5M","$0","0","0"
"","0","0","0","663","602","4.6K","macadamian.com","$2.8K","2.5K","2.4K","342K","$0","0","0"
"","0","0","0","663","602","4.6K","macadamian.com","$2.8K","2.5K","2.4K","342K","$0","0","0"
"","0","0","0","663","602","4.6K","macadamian.com","$2.8K","2.5K","2.4K","342K","$0","0","0"
"","0","0","0","105","114","826","gsoft.com","$14","143","332","1.4M","$0","0","0"
"","0","0","0","44","68","197","edvisor.io","$106","78","48","3.9M","$0","0","0"
"","0","0","0","0","0","0","playgroundinc.com","$0","0","0","0","$0","0","0"
"","0","0","0","98","105","3.1K","bemoacademicconsulting.com","$5.8K","4.1K","3.3K","275K","$3.7K","81","713"
"","0","0","0","118","129","1.2K","eqworks.com","$0","80","32","4.8M","$0","0","0"
"","0","0","0","74","81","282","vmfarms.com","$7","70","25","5.2M","$0","0","0"
"","0","0","0","552","697","21.8K","tasktop.com","$4.3K","4.6K","880","708K","$586","631","181"
"","0","0","0","258","293","13.0K","blueantmedia.ca","$0","27","0","36.7M","$0","0","0"
"","0","0","0","614","697","7.1K","nymi.com","$48","238","3.2K","284K","$0","0","0"
"","0","0","0","46","51","403","onelocal.com","$200","1.7K","256","1.6M","$17","14","4"
"","0","0","0","46","51","403","onelocal.com","$200","1.7K","256","1.6M","$17","14","4"
"","0","0","0","90","99","287","jiffyondemand.com","$2.2K","650","1.4K","509K","$0","13","4"
"","0","0","0","283","327","3.1K","lagoa.com","$786","695","839","733K","$0","0","0"
"","0","0","0","198","87","421","vemba.com","$4","37","208","1.8M","$0","0","0"
"","0","0","0","305","364","1.1K","vanhawks.com","$58","288","957","667K","$24","38","55"
"","0","0","0","143","154","491","kinduct.com","$5","76","1","12.4M","$0","0","0"
"","0","0","0","46","69","294K","aliceandsmith.com","$111","1.6K","130","2.3M","$0","0","0"
"","0","0","0","133","133","892","nestwealth.com","$73","438","277","1.5M","$13","26","0"
"","0","0","0","73","94","216","rare.io","$3","178","3","9.8M","$0","0","0"
"","0","0","0","100","121","121K","traderev.com","$37","366","711","825K","$47","66","30"
"","0","0","0","647","494","3.0K","gshiftlabs.com","$2.1K","1.4K","884","706K","$0","0","0"
"","0","0","0","146","169","597","rubikloud.com","$5","287","5","8.4M","$0","0","0"
"","0","0","0","146","169","597","rubikloud.com","$5","287","5","8.4M","$0","0","0"
"","0","0","0","152","156","634","dreampayments.com","$1.3K","3.6K","278","1.5M","$0","0","0"
"","0","0","0","495","422","13.3K","trendspottr.com","$0","135","45","4.0M","$0","0","0"
"","0","257","341","859","813","133K","adgear.com","$359","59","115","2.5M","$0","0","0"
"","0","0","0","263","292","859","fatiguescience.com","$0","0","0","0","$0","0","0"
"","0","0","0","110","149","498","riipen.com","$1","51","0","30.9M","$0","0","0"
"","0","0","0","114","149","3.0K","timecounts.org","$26","462","76","3.1M","$0","0","0"
"","0","0","0","75","94","468","hipolabs.com","$41","310","744","798K","$0","0","0"
"","0","0","0","352","312","2.2K","unikron.com","$67","177","22","5.5M","$0","2","0"
"","0","0","0","668","746","4.3K","cvca.ca","$409","2.3K","613","914K","$0","0","0"
"","0","0","0","78","85","205","honeypotmarketing.com","$450","1.9K","619","908K","$0","0","0"
"","0","0","0","116","129","959","wavefront.ca","$7.5K","700","225","1.7M","$0","0","0"
"","0","0","0","195","191","1.3K","blitzen.com","$7","194","115","2.5M","$0","0","0"
"","0","0","0","248","297","1.4K","scalar.ca","$240","761","717","820K","$0","1","0"
"","0","0","0","248","297","1.4K","scalar.ca","$240","761","717","820K","$0","1","0"
"","0","0","0","96","94","361","evercondo.com","$971","683","288","1.5M","$109","26","6"
"","0","0","0","100","119","2.8K","overbond.com","$14","1.4K","78","3.0M","$0","0","0"
"","0","0","0","100","119","2.8K","overbond.com","$14","1.4K","78","3.0M","$0","0","0"
"","0","0","0","92","102","2.9K","modernadvisor.ca","$345","2.6K","289","1.5M","$0","4","0"
"","0","0","0","16","16","20","pofp.com","$0","10","8","7.5M","$0","0","0"
"","0","0","0","94","109","950","versature.com","$160","807","84","2.9M","$2","4","0"
"null","","","","","","","","","","","","","",""
"","0","0","0","26","30","120","fortay.co","$5","40","640","887K","$0","0","0"
"","0","0","0","1.1K","1.3K","4.3K","omsignal.com","$4.2K","199","1.3K","525K","$1","10","4"
"","0","0","0","10","10","10","6ix.com","$6","71","38","4.4M","$0","0","0"
"null","","","","","","","","","","","","","",""
"","0","0","0","45","43","137","frontiernetworks.ca","$138","468","93","2.8M","$0","0","0"
"","0","0","0","80","87","350","askuity.com","$814","352","257","1.6M","$79","26","101"
"","0","0","0","320","287","2.6K","sagomini.com","$552","2.9K","1.2K","559K","$0","0","0"
"","0","144","281","99","119","845","fundthrough.com","$15","443","34","4.6M","$0","1","0"
"","0","0","0","83","89","3.8K","vehikl.com","$17","210","31","4.8M","$0","0","0"
"","0","0","0","154","171","1.4K","bigvikinggames.com","$3.5K","650","2.0K","389K","$0","0","0"
"","0","0","0","192","224","3.6K","aquaticinformatics.com","$118","1.4K","349","1.3M","$0","0","0"
"","0","0","0","218","226","1.7K","wearebctech.com","$558","2.8K","657","871K","$0","0","0"
"","0","0","0","262","140","697","ntrust.com","$0","361","273","1.5M","$0","0","0"
"","0","0","0","150","157","1.6K","earnwithdrop.com","$4.8K","942","3.5K","264K","$0","0","0"
"","0","0","0","264","323","3.4K","symbilitysolutions.com","$617","1.3K","827","740K","$0","3","0"
"","0","0","0","81","106","557","iamsick.ca","$0","212","42","4.2M","$3","2","1"
"","0","93","127","639","641","5.4K","calgaryeconomicdevelopment.com","$366","7.1K","1.4K","508K","$0","0","0"
"","0","0","0","54","74","206","statflo.com","$1","79","5","8.6M","$0","0","0"
"","0","0","0","178","181","103K","digitcom.ca","$10.2K","6.1K","2.5K","332K","$5","2","2"
"","0","0","0","112","132","2.2K","careerleaf.com","$1.3K","247","122","2.4M","$0","0","0"
"","0","0","0","73","79","426","phuse.ca","$0","2","0","29.2M","$0","0","0"
"","0","0","0","229","264","1.7K","nulogy.com","$1.3K","347","1.0K","633K","$0","1","0"
"","0","0","0","229","264","1.7K","nulogy.com","$1.3K","347","1.0K","633K","$0","1","0"
"","0","0","0","245","283","2.4K","pelmorex.com","$27","1.3K","703","832K","$0","0","0"
"null","","","","","","","","","","","","","",""
"","0","0","0","148","185","1.5K","structur3d.io","$2.3K","578","780","772K","$1","1","0"
"","0","0","0","64","65","155","petersnewjobs.com","$3","3.5K","95","2.7M","$0","0","0"
"","0","0","0","36","59","260","macromeasures.com","$1","99","3","10.2M","$0","0","0"
"","0","0","0","181","199","772","frontfundr.com","$158","550","55","3.7M","$0","0","0"
"","0","0","0","139","165","604","hackthenorth.com","$5","476","19","5.8M","$0","0","0"
"","0","0","0","319","373","124K","plasticitylabs.com","$3.7K","250","455","1.1M","$0","0","0"
"","0","0","0","319","373","124K","plasticitylabs.com","$3.7K","250","455","1.1M","$0","0","0"
"","0","0","0","52","72","414","worldofangus.com","$198","3.7K","984","654K","$43","33","41"
"","0","0","0","176","195","760","gobridgit.com","$1.2K","1.3K","1.4K","516K","$0","0","0"
"","0","0","0","37","42","1.9K","candid.io","$3","37","52","3.8M","$521","25","150"
"","0","0","0","340","372","2.9K","omersventures.com","$0","29","387","1.2M","$0","0","0"
"","0","15","20","469","354","2.5K","adlibsoftware.com","$930","2.7K","2.0K","401K","$3.3K","339","497"
"","0","0","0","220","239","6.8K","recollect.net","$2","587","375","1.3M","$102","27","61"
"","0","0","0","179","54","433","axiommetrics.com","$236","117","41","4.3M","$15","14","0"
"","0","0","0","112","137","982","techtoronto.org","$8","359","65","3.4M","$0","0","0"
"","0","0","0","112","137","982","techtoronto.org","$8","359","65","3.4M","$0","0","0"
"","0","0","0","58","54","589","sweptworks.com","$2.0K","428","2.1K","378K","$655","68","103"
"","0","0","0","157","179","10.7K","youi.tv","$13.2K","1.1K","4.8K","206K","$23","7","16"
"","0","0","0","4","4","5","launchboard.io","$0","7","0","33.1M","$0","3","0"
"","0","0","0","5","7","21","goloon.com","$0","7","1","12.0M","$0","0","0"
"","0","0","0","71","84","307","hockeystick.co","$87","287","128","2.3M","$0","6","0"
"","0","0","0","37","44","5.9K","splasheffect.ca","$0","0","0","0","$0","0","0"
"","0","0","0","173","237","13.1K","camptech.ca","$3","290","86","2.9M","$0","0","0"
"","0","4","4","304","201","1.0K","brightspark.com","$310","443","189","1.9M","$0","1","0"
"","0","0","0","27","29","165","neovation.com","$0","8","0","40.0M","$0","0","0"
"","0","0","0","67","71","196","thinkresearch.com","$76","193","256","1.6M","$0","0","0"
"","0","0","0","83","73","254","tranqool.com","$3","252","9","7.1M","$0","1","0"
"","0","0","0","63","72","462","pressboard.ca","$0","3","0","41.1M","$0","0","0"
"","0","0","0","63","72","462","pressboard.ca","$0","3","0","41.1M","$0","0","0"
"","0","0","0","43","46","117","inkdit.com","$0","5","0","27.9M","$0","0","0"
"","0","0","0","64","68","456","redbitdev.com","$25","163","100","2.7M","$0","0","0"
"","0","0","0","374","294","1.6K","launchacademy.ca","$257","218","93","2.8M","$207","132","29"
"","0","0","0","120","134","349","rumie.org","$4","1.0K","16","6.0M","$78","130","86"
"","0","0","0","55","53","267","getfunnelcake.com","$106","452","247","1.6M","$0","0","0"
"","0","0","0","346","383","7.4K","meta.com","$565","220","2.6K","329K","$0","0","0"
"","0","0","0","39","44","289","diagram.ca","$30","88","471","1.1M","$0","0","0"
"","0","0","0","39","44","289","diagram.ca","$30","88","471","1.1M","$0","0","0"
"","0","0","0","137","144","734","honkmobile.com","$120","990","81","3.0M","$1","8","6"
"","0","0","0","72","75","341","neurotechx.com","$3","37","2","10.8M","$0","0","0"
"","0","0","0","72","75","341","neurotechx.com","$3","37","2","10.8M","$0","0","0"
"","0","0","0","285","303","6.0K","delta-q.com","$2.1K","2.1K","3.0K","294K","$0","0","0"
"","0","0","0","164","213","2.2K","mnubo.com","$100","99","43","4.1M","$240","28","65"
"","0","0","0","44","51","666","sayyeah.com","$0","152","59","3.5M","$0","0","0"
"","0","0","0","66","78","299","tribalscale.com","$0","107","75","3.1M","$0","0","0"
"","0","0","0","66","78","299","tribalscale.com","$0","107","75","3.1M","$0","0","0"
"","0","0","0","239","238","1.8K","startupedmonton.com","$162","870","71","3.2M","$0","0","0"
"","0","0","0","54","59","165","ada.support","$1.3K","213","544","991K","$169","52","84"
"","0","0","0","68","79","259","skywatch.co","$1.3K","221","3.2K","282K","$0","0","0"
"","0","0","0","44","65","394","nukern.com","$82","50","8","7.6M","$0","0","0"
"","0","0","0","98","119","527","printchomp.com","$138","8.6K","248","1.6M","$0","0","0"
"","0","0","0","51","53","125","progressa.com","$14","331","2","10.8M","$0","0","0"
"","5","5","0","250","115","4.2K","vicinityjobs.com","$36","5.8K","447","1.1M","$0","0","0"
"","0","0","0","194","214","2.4K","accelerateokanagan.com","$3","736","56","3.6M","$0","0","0"
"","0","0","0","363","431","7.2K","placespeak.com","$23","973","5","8.6M","$0","0","0"
"","0","0","0","56","70","234","nascentdigital.com","$228","50","505","1.0M","$0","0","0"
"","0","0","0","89","97","2.2K","clausehound.com","$912","3.2K","1.8K","430K","$0","0","0"
"","0","0","0","95","133","581","ariad.ca","$0","151","125","2.4M","$0","0","0"
"null","","","","","","","","","","","","","",""
"null","","","","","","","","","","","","","",""
"","0","0","0","127","166","759","mybesthelper.com","$107","1.7K","93","2.8M","$0","0","0"
"","0","0","0","97","108","458","fuzzy.ai","$0","47","2","10.9M","$0","0","0"
"","0","0","0","354","378","2.7K","securekey.com","$2.2K","758","683","848K","$0","0","0"
"","0","0","0","44","47","94","innerspace.io","$42","52","202","1.8M","$0","0","0"
"","0","0","0","83","120","868","codecore.ca","$0","129","11","6.8M","$0","9","0"
"","0","0","0","71","85","455","dynamic-leap.com","$64","569","73","3.2M","$0","0","0"
"","0","0","0","698","787","33.7K","itac.ca","$28","1.4K","166","2.0M","$0","0","0"
"","0","0","0","143","159","1.9K","doxim.com","$304","339","41","4.3M","$0","0","0"
"","0","0","0","57","62","242","littlerobotfriends.com","$35","331","162","2.1M","$11","8","3"
"","0","0","0","30","31","531","grossmandorland.com","$0","125","0","32.5M","$0","0","0"
"","0","0","0","30","31","531","grossmandorland.com","$0","125","0","32.5M","$0","0","0"
"","0","0","0","268","295","6.0K","tecedmonton.com","$47","1.4K","147","2.2M","$0","0","0"
"","0","0","0","26","35","224","scanlab.ca","$199","48","23","5.4M","$0","0","0"
"","0","0","0","229","233","886","sheeo.world","$0","429","5.2K","194K","$0","0","0"
"","0","0","0","84","103","437","nudgerewards.com","$90","505","47","3.9M","$154","80","26"
"","0","0","0","84","103","437","nudgerewards.com","$90","505","47","3.9M","$154","80","26"
"","0","0","0","214","211","18.7K","storyfinds.com","$0","14","1","11.8M","$0","0","0"
"","0","0","0","108","125","282","slice.is","$7","64","46","4.0M","$39","7","4"
"","0","0","0","108","125","282","slice.is","$7","64","46","4.0M","$39","7","4"
"","0","0","0","296","328","2.1K","nacocanada.com","$10","545","67","3.3M","$1","10","0"
"","0","0","0","195","149","82.2K","mappedin.com","$0","27","112","2.5M","$0","0","0"
"","0","0","0","16","26","76","trainerpl.us","$20","311","373","1.3M","$0","0","0"
"","0","0","0","118","137","375","bartesian.com","$81","94","90","2.8M","$0","0","0"
"","0","0","0","106","116","1.9K","intelliware.com","$1.3K","728","352","1.3M","$0","4","0"
"","0","0","0","78","87","279","poweredbygrow.com","$9","72","2","11.0M","$0","0","0"
"","0","0","0","57","59","174","motive.io","$7","156","21","5.6M","$0","0","0"
"","0","0","0","116","137","887","voltaeffect.com","$4","317","4","9.2M","$0","0","0"
"","0","0","0","91","106","1.2K","beanworks.com","$3.0K","280","279","1.5M","$437","26","26"
"","0","0","0","0","0","0","bullfroginsurance.com","$403","556","312","1.4M","$2","9","0"
"","0","0","0","49","44","124","georgettepackaging.com","$3","172","10","7.1M","$0","0","0"
"","0","0","0","73","87","1.5K","tritonwear.com","$5","523","63","3.4M","$13","103","416"
"","0","0","0","46","50","200","alertlabs.com","$8","186","56","3.6M","$0","0","0"
"","0","0","0","46","50","200","alertlabs.com","$8","186","56","3.6M","$0","0","0"
"","0","0","0","60","68","489","dialogue.co","$3.3K","424","1.7K","446K","$0","0","0"
"","0","0","0","60","68","489","dialogue.co","$3.3K","424","1.7K","446K","$0","0","0"
"","0","0","0","56","71","182","locallogic.co","$0","77","0","31.3M","$0","0","0"
"","0","0","0","56","71","182","locallogic.co","$0","77","0","31.3M","$0","0","0"
"","0","0","0","56","71","182","locallogic.co","$0","77","0","31.3M","$0","0","0"
"","0","0","0","180K","152K","16.0M","gmail.com","$7.1M","2.3K","7.8M","319","$0","0","0"
"","0","0","0","45","62","205","newmode.net","$14","69","405","1.2M","$0","0","0"
"","0","0","0","45","62","205","newmode.net","$14","69","405","1.2M","$0","0","0"
"","0","0","0","26","29","124","crowdmatrix.co","$34","217","15","6.2M","$0","0","0"
"","0","0","0","48","49","139","klue.com","$15","54","14","6.3M","$0","1","1"
"","0","0","0","76","87","431","seamless.md","$2","126","38","4.4M","$0","0","0"
"","0","0","0","37","43","164","thinkingbox.com","$15","688","327","1.4M","$0","0","0"
"","0","0","0","0","0","0","integrate.ai","$0","19","9","7.1M","$0","0","0"
"","0","0","0","15","15","35","livegauge.com","$0","22","0","36.3M","$0","0","0"
"","0","0","0","110","121","411","jibestream.com","$355","221","91","2.8M","$154","70","85"
"","0","0","0","52","60","122","bettercompany.com","$0","4","477","1.1M","$0","3","0"
"","0","0","0","40","39","234","horizn.com","$1","111","13","6.5M","$0","0","0"
"","0","0","0","22","25","80","ferstdigital.com","$0","13","0","19.6M","$0","0","0"
"","0","0","0","181","212","1.0K","2life.io","$145","1.5K","1.0K","625K","$0","0","0"
"","0","0","0","28","37","68","opensports.ca","$0","100","21","5.5M","$0","0","0"
"","0","0","0","107","119","564","getdango.com","$2","190","35","4.6M","$0","0","0"
"","0","0","0","107","119","564","getdango.com","$2","190","35","4.6M","$0","0","0"
"","0","0","0","196","236","608","getairo.com","$0","2","0","41.7M","$0","0","0"
"","0","0","0","56","68","124","getmyle.com","$53","144","393","1.2M","$0","0","0"
"","0","0","0","443","353","5.2K","domain7.com","$504","377","167","2.0M","$0","0","0"
"","0","0","0","443","353","5.2K","domain7.com","$504","377","167","2.0M","$0","0","0"
"","0","0","0","13","13","45","aimsio.com","$0","37","0","24.4M","$3","6","1"
"","0","0","0","27","38","109","uvolt.ca","$0","9","0","23.2M","$0","0","0"
"","0","0","0","6","7","48","luminari.co","$6","4","53","3.7M","$0","0","0"
"","0","0","0","25","30","58","invokedigital.co","$2","275","1.3K","531K","$0","0","0"
"","0","0","0","11","10","73","mypaddle.co","$0","2","0","28.9M","$0","0","0"
"","0","0","0","11","10","73","mypaddle.co","$0","2","0","28.9M","$0","0","0"
"","0","0","0","113","133","379","ryersonfutures.ca","$0","148","1","12.6M","$0","0","0"
"","0","0","0","58","57","210","medstack.co","$223","128","120","2.4M","$0","0","0"
"","0","0","0","58","57","210","medstack.co","$223","128","120","2.4M","$0","0","0"
"","0","0","0","23","26","64","quupe.com","$0","22","0","29.1M","$0","0","0"
"","0","0","0","41","43","489","credoprod.com","$103","39","68","3.5M","$0","0","0"
"","0","0","0","16","15","31","hijinkslife.com","$2.7K","5.7K","993","650K","$7.7K","944","4.7K"
"","0","0","0","55","62","508","connectedlab.com","$3.3K","205","1.1K","602K","$0","0","0"
"","0","0","0","35","43","275","osedea.com","$0","44","11","6.8M","$118","8","63"
"","0","31","34","55","51","407","reputation.ca","$169","108","84","2.9M","$0","0","0"
"","0","0","0","173","196","1.8K","binarystream.com","$931","1.4K","499","1.1M","$1.3K","681","491"
"","0","0","0","42","46","134","prolucid.ca","$1","129","0","14.1M","$0","0","0"
"","0","0","0","82","82","702","seedups.ca","$18","101","42","4.2M","$0","0","0"
"","0","0","0","99","123","577","architech.ca","$3.4K","130","771","778K","$0","0","0"
"","0","0","0","47","53","2.4K","signl.fm","$0","9","0","30.7M","$0","0","0"
"","0","0","0","33","34","350","askida.com","$0","151","4","9.5M","$0","0","0"
"","0","0","0","54","57","137","changejar.com","$87","85","225","1.7M","$0","0","0"
"","0","0","0","19","21","93","beauceronsecurity.com","$0","77","1","12.4M","$0","0","0"
"","0","0","0","34","44","155","erplain.com","$0","67","0","14.2M","$0","1","0"
"","0","0","0","102","113","410","finn.ai","$3","54","2","10.9M","$0","0","0"
"","0","0","0","54","69","158","exactmedia.io","$65","226","209","1.8M","$0","0","0"
"","0","0","0","54","69","158","exactmedia.io","$65","226","209","1.8M","$0","0","0"
"","0","0","0","86","97","371","verity.ca","$2","195","159","2.1M","$0","0","0"
"","0","0","0","120","143","2.9K","manifold.co","$2.1K","309","680","851K","$15","2","3"
"","0","0","0","120","143","2.9K","manifold.co","$2.1K","309","680","851K","$15","2","3"
"","0","0","0","51","59","587","benchsci.com","$237","1.1K","110","2.5M","$35","9","136"
"","0","0","0","48","43","150","brisksynergies.com","$0","109","22","5.5M","$0","11","0"
"","0","0","0","68","91","330","neutun.com","$0","48","0","15.0M","$0","0","0"
"","0","0","0","68","91","330","neutun.com","$0","48","0","15.0M","$0","0","0"
"","0","0","0","113","124","637","tandemlaunch.com","$36","644","31","4.8M","$0","0","0"
"","0","0","0","73","66","387","tangerinesoftware.com","$8","238","41","4.3M","$0","0","0"
"","0","0","0","30","33","94","twotalltotems.com","$0","41","4","9.5M","$0","0","0"
"","0","0","0","41","48","138","validere.com","$1","33","0","38.9M","$0","0","0"
"","0","0","0","41","48","138","validere.com","$1","33","0","38.9M","$0","0","0"
"","0","0","0","239","177","1.5K","wearewearables.com","$22","80","6","8.0M","$0","0","0"
"","0","0","0","25","27","94","cluep.com","$0","29","0","21.4M","$0","0","0"
"","0","0","0","2","3","10","doitinc.ca","$0","5","0","23.0M","$0","0","0"
"","0","0","0","64","67","429","binarytattoo.com","$306","481","195","1.9M","$0","0","0"
"","0","0","0","117","66","401","kiwi.ai","$2","39","58","3.5M","$0","0","0"
"","0","0","0","117","66","401","kiwi.ai","$2","39","58","3.5M","$0","0","0"
"","0","0","0","29","32","80","metaoptima.com","$0","16","0","41.4M","$0","0","0"
"","0","0","0","11","11","32","biznas.io","$0","13","6","8.1M","$0","0","0"
"","0","0","0","314","209","1.9K","primal.com","$1.5K","66","868","715K","$0","0","0"
"","0","0","0","231","265","1.0K","guardly.com","$0","3","1","11.8M","$0","0","0"
"","0","0","0","22","24","55","blacksquare.io","$343","526","254","1.6M","$0","0","0"
"","0","0","0","305","303","8.3K","devto.ca","$0","85","3","9.9M","$0","0","0"
"","0","0","0","0","0","0","uplaterthanyou.com","$0","0","0","0","$0","0","0"
"","0","0","0","732","661","13.2K","cata.ca","$0","497","68","3.3M","$0","0","0"
"","0","0","0","66","72","301","instamek.com","$162","522","47","4.0M","$0","11","2"
"","0","0","0","37","36","184","hackworks.com","$13","70","4","9.1M","$0","0","0"
"","0","0","0","89","126","468","piinpoint.com","$20","163","29","4.9M","$43","22","3"
"null","","","","","","","","","","","","","",""
"","0","0","0","73","105","370","makelab.ca","$0","244","6","8.1M","$0","4","2"
"","0","0","0","281","276","8.8K","sidense.com","$0","7","0","15.0M","$641","17","88"
"","0","0","0","65","83","1.5K","speedyrails.com","$300","161","24","5.3M","$0","0","0"
"","0","0","0","0","0","0","vidhub.co","$0","0","0","0","$0","0","0"
"","0","0","0","13","15","33","blanclabs.com","$0","108","1","12.1M","$0","0","0"
"","0","0","0","28","28","115","startupzone.ca","$0","31","23","5.4M","$0","0","0"
"","0","0","0","164","176","1.5K","datanerds.com","$31","178","11","6.9M","$0","0","0"
"","0","0","0","122","130","1.4K","wetech-alliance.com","$8","875","89","2.8M","$0","0","0"
"","0","0","0","85","119","623","makerbloks.com","$4","637","21","5.8M","$0","0","0"
"","0","0","0","273","165","5.3K","3magine.com","$0","16","0","37.9M","$0","0","0"
"","0","0","0","52","61","296","latamstartups.biz","$10","98","24","5.5M","$0","0","0"
"","0","0","0","52","61","296","latamstartups.biz","$10","98","24","5.5M","$0","0","0"
"","0","0","0","27","34","234","zeitdice.com","$5","26","9","7.1M","$0","0","0"
"null","","","","","","","","","","","","","",""
"","0","0","0","192","216","1.1K","vrvana.com","$0","24","27","5.1M","$0","0","0"
"","0","0","0","60","50","171","abacus.agency","$393","411","80","3.0M","$0","0","0"
"","0","0","0","60","50","171","abacus.agency","$393","411","80","3.0M","$0","0","0"
"","0","0","0","50","65","336","fluent.ai","$0","18","1","11.8M","$0","0","0"
"","0","0","0","26","32","295","littlerocket.io","$0","19","55","3.7M","$0","0","0"
"","0","0","0","150","159","706","perasotech.com","$1","141","36","4.5M","$159","161","150"
"","0","0","0","29","37","829","lawmade.com","$110","279","14","6.3M","$0","0","0"
"","0","0","0","29","37","829","lawmade.com","$110","279","14","6.3M","$0","0","0"
"","0","0","0","112","138","3.0K","corsa.com","$237","323","222","1.7M","$1","7","0"
"","0","0","0","64","86","640","optigo.net","$0","0","0","0","$0","0","0"
"","0","0","0","30","39","92","garibaldicapital.com","$0","37","1","11.7M","$0","0","0"
"","0","0","0","77","83","283","awakelabs.com","$0","14","5","8.4M","$0","0","0"
"","0","0","0","119","141","1.1K","twentyonetoys.com","$22","316","86","2.9M","$0","0","0"
"","0","0","0","119","141","1.1K","twentyonetoys.com","$22","316","86","2.9M","$0","0","0"
"","0","0","0","8","8","44","hypercare.ca","$0","5","0","29.6M","$0","0","0"
"","0","0","0","8","8","44","hypercare.ca","$0","5","0","29.6M","$0","0","0"
"","0","0","0","22","24","163","surepathcapital.com","$229","45","33","4.7M","$0","0","0"
"","0","0","0","145","161","1.3K","theomx.com","$19","670","552","983K","$0","0","0"
"","0","0","0","55","63","396","irystec.com","$0","46","1","12.4M","$0","0","0"
"","0","0","0","76","61","281","vivosweb.com","$0","63","0","20.4M","$4","18","6"
"","0","0","0","43","57","254","lawscout.ca","$423","309","330","1.4M","$0","0","0"
"","0","0","0","43","57","254","lawscout.ca","$423","309","330","1.4M","$0","0","0"
"","0","0","0","155","177","911","delvinia.com","$1","560","37","4.5M","$0","0","0"
"","0","0","0","181","199","1.7K","mobovivo.com","$0","80","33","4.7M","$0","0","0"
"","0","0","0","142","143","556","mte85.com","$125","204","255","1.6M","$0","0","0"
"","0","0","0","35","36","122","left.io","$0","66","0","37.2M","$0","0","0"
"","0","0","0","48","57","119","p3vc.com","$0","57","21","5.5M","$0","0","0"
"","0","0","0","21","20","41","movesnap.com","$355","129","40","4.3M","$0","0","0"
"","0","0","0","16","25","160","rewind.io","$228","410","103","2.6M","$54","21","5"
"","0","0","0","18","30","551","himandher.ca","$0","43","34","4.6M","$0","0","0"
"","0","0","0","12","12","67","gymtrack.com","$137","18","203","1.8M","$0","0","0"
"","0","0","0","27","28","101","clearpath.ai","$1","8","0","15.0M","$0","0","0"
"","0","0","0","22","23","126","feastinteractive.com","$3","98","2","11.0M","$0","0","0"
"","0","0","0","121","150","4.1K","cloudops.com","$1.1K","294","448","1.1M","$0","0","0"
"","0","0","0","12","15","37","incmind.com","$0","37","5","8.7M","$0","0","0"
"","0","0","0","33","37","87","rallyengine.com","$210","38","36","4.5M","$0","0","0"
"","0","0","0","37","40","1.8K","nuvyyo.com","$0","54","79","3.0M","$0","0","0"
"","0","0","0","0","0","0","minuteschool.com","$1","363","14","6.4M","$0","0","0"
"","0","0","0","25","26","69","medipense.com","$46","284","17","5.9M","$0","0","0"
"","0","0","0","19","21","84","aspirefintech.com","$6","41","1","12.4M","$0","0","0"
"null","","","","","","","","","","","","","",""
"","0","0","0","106","94","347","filefacets.com","$7","194","22","5.5M","$1","5","0"
"","0","0","0","56","60","190","avagrows.com","$14","190","38","4.4M","$0","3","0"
"","0","0","0","74","87","368","cyclicarx.com","$14","156","312","1.4M","$0","0","0"
"","0","0","0","17","17","48","jiveprdigital.com","$26","254","11","6.8M","$0","0","0"
"","0","0","0","21","21","46","deeplearni.ng","$0","4","0","28.9M","$0","0","0"
"","0","0","0","60","69","201","illogika.com","$0","100","5","8.4M","$0","0","0"
"","0","0","0","15","15","51","shapetrace.co","$0","26","9","7.3M","$0","0","0"
"","0","0","0","15","15","51","shapetrace.co","$0","26","9","7.3M","$0","0","0"
"","0","0","0","19","26","271","comlinked.com","$4","106","2","10.8M","$0","0","0"
"","0","0","0","22","26","95","seedlify.com","$0","5","0","44.1M","$0","0","0"
"","0","0","0","15","16","587","twosmallfishventures.com","$3","126","20","5.7M","$0","0","0"
"","0","0","0","65","71","728","onemorestorygames.com","$98","289","81","3.0M","$0","0","0"
"null","","","","","","","","","","","","","",""
"","0","0","0","14","17","745","whitneyre.com","$3","330","12","6.5M","$0","0","0"
"","0","0","0","6","6","13","noasleep.com","$256","130","579","951K","$0","21","0"
"","0","0","0","73","89","825","upstreamworks.com","$14","481","642","885K","$0","0","0"
"","0","0","0","3","4","4","routethis.com","$7","14","0","34.2M","$0","0","0"
"","0","0","0","3","4","4","routethis.com","$7","14","0","34.2M","$0","0","0"
"","0","0","0","3","3","3","boxknight.com","$0","8","0","21.7M","$0","0","0"
"","0","0","0","38","44","405","thoughtwire.com","$0","149","18","5.8M","$0","0","0"
"","0","0","0","12","16","143","sametrica.com","$0","14","3","10.1M","$0","0","0"
"","0","0","0","57","81","393","liftsession.com","$376","361","102","2.6M","$59","10","142"
"","0","0","0","33","36","775","domaincocoon.com","$0","53","2","10.9M","$0","0","0"
"","0","0","0","16","18","63","dothealth.ca","$8","6","4","9.2M","$0","0","0"
"","0","0","0","2","2","2","ucentrik.com","$0","41","0","13.6M","$0","0","0"
"","0","0","0","40","46","152","testlauncher.com","$0","14","0","34.5M","$1","16","4"
"","0","0","0","20","24","95","lurniture.com","$2","290","16","6.1M","$0","0","0"
"","0","0","0","101","129","1.6K","cognilab.com","$0","90","10","7.2M","$0","0","0"
"","0","0","0","101","115","452","syscon.net","$11","94","108","2.6M","$0","0","0"
"","0","0","0","39","46","169","highvail.com","$900","449","497","1.1M","$0","0","0"
"","0","0","0","15","15","43","brainsights.ca","$0","22","0","37.8M","$0","0","0"
"","0","0","0","15","15","43","brainsights.ca","$0","22","0","37.8M","$0","0","0"
"","0","0","0","186","32","1.3K","myskoobi.com","$0","0","0","0","$0","0","0"
"","0","0","0","32","33","285","worktango.io","$9","69","8","8.0M","$0","0","0"
"","0","0","0","32","33","285","worktango.io","$9","69","8","8.0M","$0","0","0"
"","0","0","0","66","79","463","medella.ca","$0","2","0","20.4M","$0","0","0"
"null","","","","","","","","","","","","","",""
"","0","0","0","33","37","106","infosecglobal.com","$6","47","2","11.5M","$0","0","0"
"","0","0","0","24","25","53","theksociety.com","$279","69","277","1.5M","$0","0","0"
"","0","0","0","24","25","53","theksociety.com","$279","69","277","1.5M","$0","0","0"
"","0","0","0","64","71","3.7K","pixcl.com","$2","116","60","3.5M","$0","0","0"
"","0","0","0","36","39","119","thisgamestudio.com","$0","27","11","6.7M","$0","0","0"
"","0","0","0","52","63","2.3K","otilumionics.com","$0","42","7","7.8M","$0","0","0"
"","0","0","0","24","24","355","agilitycorp.com","$31","86","15","6.2M","$0","0","0"
"","0","0","0","13","12","28","2020armor.com","$45","402","25","5.2M","$0","0","0"
"","0","0","0","13","12","28","2020armor.com","$45","402","25","5.2M","$0","0","0"
"","0","0","0","36","38","276","3ce.com","$2","165","8","7.6M","$0","0","0"
"","0","0","0","39","49","313","pixelmatic.com","$11","64","60","3.5M","$0","0","0"
"","0","0","0","112","118","485","haltech.ca","$5","180","52","3.8M","$0","0","0"
"null","","","","","","","","","","","","","",""
"","0","0","0","30","35","104","iotasecurity.com","$0","8","0","43.2M","$0","0","0"
"","0","0","0","100","98","2.4K","webclarity.info","$2","438","13","6.4M","$0","0","0"
"","0","0","0","24","28","84","bridgr.co","$26","127","10","7.0M","$0","0","0"
"","0","0","0","24","23","84","greatify.co","$19","178","32","4.8M","$0","2","0"
"","0","0","0","186","201","1.2K","canurb.org","$0","114","17","5.9M","$0","0","0"
"","0","0","0","30","36","86","layer6.ai","$0","29","50","3.8M","$0","0","0"
"","0","0","0","30","36","86","layer6.ai","$0","29","50","3.8M","$0","0","0"
"","0","0","0","54","53","218","mmbnetworks.com","$18","83","171","2.0M","$0","0","0"
"","0","0","0","15","20","59","jitbase.com","$0","5","0","36.0M","$0","0","0"
"","0","0","0","22","25","58","idfusion.com","$4","81","1","12.1M","$0","0","0"
"","0","0","0","8","14","49","kooltra.com","$0","41","0","27.4M","$0","0","0"
"","0","0","0","0","0","0","carmanahdigital.com","$0","7","0","22.2M","$0","0","0"
"","0","0","0","7","8","11","ndsolns.com","$0","77","7","7.7M","$0","0","0"
"","0","0","0","44","55","366","tinymobgames.com","$17","101","23","5.4M","$0","0","0"
"","0","0","0","44","55","366","tinymobgames.com","$17","101","23","5.4M","$0","0","0"
"","0","0","0","30","33","206","zensurance.ca","$0","9","0","52.4M","$0","0","0"
"","0","0","0","30","33","206","zensurance.ca","$0","9","0","52.4M","$0","0","0"
"","0","0","0","192","69","373","socialseek.com","$0","3","0","25.7M","$0","0","0"
"","0","0","0","4","8","13","firstchairpartners.com","$0","4","0","25.3M","$0","0","0"
"","0","0","0","34","34","51","artemiscanada.com","$60","226","10","7.0M","$0","0","0"
"","0","0","0","1","1","3","hurrahome.com","$0","51","2","10.8M","$0","0","0"
"","0","0","0","73","90","250","algolux.com","$0","50","28","5.0M","$0","0","0"
"","0","0","0","25","30","60","bluemesahealth.com","$383","45","188","1.9M","$0","0","0"
"","0","0","0","43","49","121","otono.com","$0","5","1","12.2M","$0","0","0"
"","0","0","0","16","21","38","getsagecare.com","$45","57","15","6.1M","$0","0","0"
"","0","0","0","29","32","45","roadmapcapitalinc.com","$0","20","23","5.4M","$0","0","0"
"","0","0","0","50","52","177","paycase.com","$0","4","0","39.2M","$0","0","0"
"","0","0","0","50","52","177","paycase.com","$0","4","0","39.2M","$0","0","0"
"","0","0","0","21","26","215","healthswapp.com","$0","35","8","7.4M","$0","0","0"
"","0","0","0","51","59","237","wriber.com","$0","38","0","27.7M","$0","0","0"
"","0","0","0","4","5","8","digitalfounder.co","$0","3","0","32.0M","$0","0","0"
"","0","0","0","90","94","2.2K","ictam.ca","$2","550","33","4.7M","$0","0","0"
"","0","0","0","49","60","208","vouc.hr","$0","7","10","7.1M","$0","0","0"
"","0","0","0","31","42","250","repable.com","$0","10","0","42.8M","$0","0","0"
"","0","0","0","31","42","250","repable.com","$0","10","0","42.8M","$0","0","0"
"","0","0","0","31","42","250","repable.com","$0","10","0","42.8M","$0","0","0"
"","0","0","0","47","46","490","accel-rx.com","$5","131","18","5.8M","$0","0","0"
"","0","0","0","7","7","12","vclabs.ca","$0","7","0","35.9M","$0","0","0"
"","0","0","0","5","6","27","found.ca","$0","1","0","26.3M","$0","0","0"
"","0","0","0","53","75","615","commandwear.com","$1","180","3","9.7M","$0","0","0"
"","0","0","0","51","61","194","hervolution.org","$2","48","40","4.4M","$0","0","0"
"","0","0","0","0","0","0","chopchopnow.com","$0","3","0","16.4M","$0","0","0"
"","0","0","0","13.8K","15.2K","1.4M","genesis.mun.ca","$34.0K","153K","81.1K","20.1K","$3","14","5"
"","0","0","0","180K","152K","16.0M","gmail.com","$7.1M","2.3K","7.8M","319","$0","0","0"
"null","","","","","","","","","","","","","",""
"","0","0","0","16","20","63","vistaracapital.com","$2","44","0","50.5M","$0","0","0"
"","0","0","0","28","36","166","mysojo.co","$53","23","81","3.0M","$0","0","0"
"","0","0","0","11","12","33","fourewesdesign.com","$1","36","33","4.7M","$0","0","0"
"","0","0","0","49","57","247","managinglife.com","$10","95","49","3.9M","$0","0","0"
"","0","0","0","93","102","405","ignisinnovation.com","$5","206","111","2.5M","$0","0","0"
"","0","0","0","8","12","18","alchemynano.com","$0","51","46","4.0M","$0","0","0"
"","0","0","0","78","93","294","gestsure.com","$0","18","4","9.4M","$0","0","0"
"","0","0","0","78","93","294","gestsure.com","$0","18","4","9.4M","$0","0","0"
"","0","0","0","33","35","821","loomanalytics.com","$1","142","0","25.9M","$0","0","0"
"","0","0","0","65","80","9.5K","artifact-software.com","$0","45","6","8.3M","$0","0","0"
"","0","0","0","57","61","490","eleven-x.com","$0","89","28","5.0M","$0","0","0"
"","0","0","0","14","14","28","netfore.com","$0","126","75","3.1M","$0","0","0"
"","0","0","0","31","39","131","localline.ca","$0","94","27","5.1M","$0","0","0"
"","0","0","0","21","25","81","fleetrover.com","$0","53","0","42.3M","$0","0","0"
"","0","0","0","28","32","162","bluelizardgames.com","$0","0","0","0","$0","0","0"
"","0","0","0","2","3","11","zeitspace.com","$0","30","3","10.1M","$0","0","0"
"","0","0","0","41","44","190","sixspartners.com","$96","108","52","3.8M","$0","0","0"
"","0","0","0","3","3","4","matchglasses.com","$0","6","0","35.5M","$0","0","0"
"","0","0","0","43","51","1.1K","tetechs.com","$2","64","5","8.5M","$0","0","0"
"","0","0","0","35","40","153","nexuscrowd.com","$0","45","2","11.1M","$0","0","0"
"","0","0","0","57","68","793","hiltonbarbour.com","$0","107","4","8.8M","$0","0","0"
"null","","","","","","","","","","","","","",""
"null","","","","","","","","","","","","","",""
"","0","0","0","16","16","34","asksuto.com","$163","1.3K","209","2.0M","$0","0","0"
"","0","0","0","0","0","0","asksuto.com","$153","1.3K","186","2.1M","$0","0","0"
"","0","0","0","35","45","198","mobilexco.com","$307","43","64","3.4M","$0","0","0"
"","0","0","0","6","6","18","wholepunk.com","$0","5","0","31.7M","$0","0","0"
"","0","0","0","3","3","5","sparelabs.com","$28","12","22","5.5M","$0","0","0"
"","0","0","0","50","34","152","herscugoldsilver.com","$32","45","6","8.7M","$0","0","0"
"","0","0","0","50","34","152","herscugoldsilver.com","$29","45","5","8.9M","$0","0","0"
"","0","0","0","0","0","0","creativelabs.co","$187","23","232","1.7M","$0","0","0"
"","0","0","0","31","40","108","exvivo.ca","$0","7","121","2.4M","$0","0","0"
"","0","0","0","204","215","1.5K","neovasc.com","$0","173","342","1.3M","$0","0","0"
"","0","0","0","50","66","254","digitalretailapps.com","$1.1K","33","544","991K","$0","0","0"
"","0","0","0","7","7","12","cambridge-ep.com","$0","34","3","9.9M","$0","0","0"
"","0","0","0","27","29","58","hackerstudios.com","$0","28","2","10.5M","$0","0","0"
"","0","0","0","6","7","13","sidestory.com","$0","15","4","9.4M","$0","0","0"
"","0","0","0","166","176","2.9K","remsoft.com","$0","200","23","5.4M","$0","0","0"
"","0","0","0","166","176","2.9K","remsoft.com","$0","200","23","5.4M","$0","0","0"
"","0","0","0","74","75","549","wireie.com","$0","160","57","3.6M","$0","0","0"
"","0","0","0","9","10","102","punkscience.ca","$0","9","1","12.7M","$0","0","0"
"","0","0","0","18","19","48","ignition.ca","$0","6","0","32.8M","$0","0","0"
"","0","0","0","25","26","190","enermotion.com","$0","16","0","16.5M","$0","0","0"
"","0","0","0","2","2","5","maerospace.com","$2","29","0","18.1M","$0","0","0"
"","0","0","0","23","29","56","gdxedmonton.com","$0","18","0","18.0M","$0","0","0"
"","0","0","0","12","12","20","hrx.tech","$0","26","1","12.1M","$0","0","0"
"null","","","","","","","","","","","","","",""
"","0","0","0","1","1","1","lottoproxy.com","$0","2","0","34.5M","$0","0","0"
"null","","","","","","","","","","","","","",""
"","0","0","0","67","73","171","patterndiscovery.com","$0","51","5","8.4M","$0","0","0"
"","0","0","0","104","121","928","svx.ca","$4","25","20","5.7M","$0","0","0"
"","0","0","0","4","5","27","wavelip.com","$0","2","0","24.2M","$0","1","3"
"","0","0","0","23","25","150","emptycubicle.com","$37","8","49","3.9M","$0","0","0"
"","0","0","0","49","52","244","abilita.com","$1","68","65","3.4M","$0","4","0"
"","0","0","0","12","16","356","amidship.com","$4","122","3","10.2M","$0","0","0"
"","0","0","0","34","34","335","legalswipe.com","$382","29","79","3.0M","$0","0","0"
"","0","0","0","1","1","11","vynatu.io","$0","0","0","0","$0","0","0"
"","0","0","0","12","14","35","babylonvr.ca","$0","4","0","30.1M","$0","0","0"
"","0","0","0","2","3","3","northofmodern.com","$0","5","0","15.7M","$0","0","0"
"","0","0","0","12","15","24","impression.ventures","$1","32","5","8.7M","$0","0","0"
"null","","","","","","","","","","","","","",""
"","0","0","0","78","89","667","magnusmode.com","$0","1","23","5.4M","$0","0","0"
"","0","0","0","27","28","250","pacta.io","$12","108","10","7.3M","$0","0","0"
"","0","0","0","48","50","255","venncentre.ca","$0","68","14","6.7M","$0","0","0"
"","0","0","0","24","27","83","theevidencenetwork.com","$0","22","0","40.7M","$60","75","39"
"","0","0","0","100","102","290","virtuo.com","$188","319","40","4.3M","$3","12","2"
"","0","0","0","22","18","68","ivcweb.com","$0","67","0","32.0M","$0","0","0"
"","0","0","0","33","32","140","industrycorp.ca","$0","7","0","21.8M","$0","0","0"
"","0","0","0","22","27","77","joinsherpa.com","$4","201","34","4.6M","$457","44","178"
"","0","0","0","0","0","0","freycinetventures.com","$0","15","0","39.6M","$0","0","0"
"","0","0","0","0","0","0","bespoke.digital","$0","1","4","8.9M","$0","0","0"
"","0","0","0","6","7","22","intunecommunications.com","$0","24","73","3.1M","$0","0","0"
"","0","0","0","1","1","3","analyticsbuffet.com","$0","1","0","19.4M","$0","0","0"
"","0","0","0","6","8","19","filmyeti.com","$0","19","4","9.2M","$0","0","0"
"","0","0","0","7","7","112","kiacx.com","$3","31","2","11.4M","$0","0","0"
"","0","0","0","5","5","10","mapol.ca","$1","12","12","6.6M","$0","0","0"
"","0","0","0","16","19","96","creoterra.com","$0","4","0","15.1M","$0","0","0"
"","0","0","0","44","47","136","npvinc.com","$0","43","12","6.9M","$0","0","0"
"","0","0","0","30","30","313","contextere.com","$1","75","0","40.8M","$0","0","0"
"","0","0","0","9","12","50","deborahrosati.ca","$0","14","2","11.3M","$0","0","0"
"","0","0","0","5","5","12","flowca.st","$0","10","0","26.4M","$0","0","0"
"","0","0","0","13","18","24","producthunttoronto.com","$0","27","0","36.5M","$0","0","0"
"","0","0","0","0","0","0","6ixsenses.com","$0","2","0","31.7M","$0","0","0"
"null","","","","","","","","","","","","","",""
"","0","0","0","5","5","5","scaledriver.com","$0","1","0","42.8M","$0","0","0"
"","0","0","0","14","17","101","boulevardpr.com","$0","49","0","42.5M","$0","0","0"
"","0","0","0","16","24","55","womenintechworld.com","$89","30","13","6.4M","$0","0","0"
"null","","","","","","","","","","","","","",""
"","0","0","0","4","5","9","salestraction.io","$1","18","0","41.0M","$0","0","0"
"","0","0","0","10","11","139","becomebalanced.org","$0","1","0","41.9M","$0","0","0"
"null","","","","","","","","","","","","","",""
"","0","0","0","10","21","55","epicater.ca","$0","3","0","35.5M","$0","0","0"
"","0","0","0","14","19","49","usenavi.com","$0","4","6","8.3M","$0","0","0"
"","0","0","0","18","21","44","themoderncraft.com","$0","33","212","1.8M","$0","0","0"
"","0","0","0","14","11","78","smatstraffic.com","$20","93","7","7.8M","$0","0","0"
"","0","0","0","18","20","165","pirocso.com","$0","1","0","17.5M","$0","0","0"
"","0","0","0","13","14","46","thecorkercompany.com","$5","102","4","9.4M","$0","0","0"
"","0","0","0","3","4","5","eatable.cooking","$5","5","6","8.3M","$0","0","0"
"","0","0","0","19","31","170","govinvest.com","$0","49","6","8.3M","$0","1","0"
"null","","","","","","","","","","","","","",""
"","0","0","0","11","10","13","motionhall.com","$1","80","5","8.6M","$0","0","0"
"","0","0","0","4","4","22","ethicadata.com","$21","158","13","6.4M","$0","0","0"
"","0","0","0","5","5","7","hanali.co","$0","10","3","9.8M","$0","1","0"
"","0","0","0","15","16","63","porpoise.com","$2.0K","37","1.4K","519K","$4","1","1"
"","0","0","0","48","50","150","carosys.com","$0","26","5","8.4M","$0","0","0"
"","0","0","0","13","13","498","trajectoryiq.com","$0","37","27","5.1M","$0","0","0"
"","0","0","0","2","2","7","kribr.com","$0","2","0","32.9M","$0","0","0"
"","0","0","0","59","43","1.2K","digitalchaos.ca","$1","27","44","4.1M","$0","0","0"
"","0","0","0","0","0","0","sucanada.org","$0","0","0","0","$0","0","0"
"","0","0","0","15","16","80","kaiinnovations.com","$0","15","0","39.8M","$0","17","2"
"","0","0","0","19","20","146","bitness.io","$0","4","35","4.8M","$0","0","0"
"","0","0","0","17","21","42","pinelake.com","$0","14","72","3.2M","$0","1","0"
"","0","0","0","39","48","1.2K","elysia.co","$0","4","0","20.1M","$0","0","0"
"","0","0","0","9","9","12","connectionpoint.com","$68","5","51","3.8M","$0","0","0"
"","0","0","0","1","1","2","riipe.com","$1","24","2","11.7M","$0","0","0"
"","0","0","0","5","5","11","distillanalytics.ca","$0","4","1","12.2M","$0","0","0"
"null","","","","","","","","","","","","","",""
"","0","0","0","2","3","6","labforge.ca","$0","2","0","22.7M","$0","0","0"
"null","","","","","","","","","","","","","",""
"","0","0","0","2","2","2","run-withit.com","$0","2","25","5.2M","$0","0","0"
"","0","0","0","11","11","55","durrellcomm.com","$5","76","11","6.8M","$0","0","0"
"","0","0","0","11","11","55","durrellcomm.com","$5","76","11","6.8M","$0","0","0"
"","0","0","0","12","14","687","orbithub.com","$0","41","0","17.5M","$0","0","0"
"","0","0","0","15","17","129","foxnetsolutions.com","$2","149","174","2.0M","$0","0","0"
"","0","0","0","18","23","1.6K","alaunus.com","$0","3","0","21.2M","$0","0","0"
"","0","0","0","28","27","82","getbrowniepoints.com","$126","35","260","1.6M","$0","0","0"
"","0","0","0","0","0","0","marketingwhatsnew.com","$0","34","11","6.7M","$0","0","0"
"null","","","","","","","","","","","","","",""
"","0","0","0","4","5","47","fdmsoftware.com","$0","1","0","34.3M","$0","0","0"
"","0","0","0","1","1","1","coredatainformatics.com","$0","1","0","41.8M","$0","0","0"
"null","","","","","","","","","","","","","",""
"","0","0","0","29","36","228","smarteralloys.com","$0","38","0","37.7M","$0","0","0"
"","0","0","0","22","28","673","staybillety.com","$15","838","50","3.9M","$0","0","0"
"","0","0","0","80","82","362","beevision.com","$0","74","1","12.3M","$0","0","0"
"","0","0","0","4","5","13","karzen.io","$0","14","0","41.7M","$0","1","0"
"","0","0","0","5","5","37","timesaved.ca","$0","6","11","6.9M","$0","0","0"
"","0","0","0","5","5","14","howeandwye.com","$0","98","2","11.3M","$0","0","0"
"","0","0","0","22","21","101","modesttree.com","$0","13","0","37.9M","$0","0","0"
"","0","0","0","7","19","62","futurehunt.co","$0","1","0","27.1M","$0","0","0"
"","0","0","0","25","24","82","hackademy.ca","$0","1","32","4.8M","$0","0","0"
"","0","0","0","4","4","5","bricksandmatter.com","$0","35","0","19.9M","$0","0","0"
"","0","0","0","26","30","189","aboutez.com","$0","32","0","16.2M","$0","0","0"
"","0","0","0","4","3","9","divinelab.com","$0","1","0","34.7M","$0","0","0"
"","0","0","0","7","21","165","getventana.co","$0","1","0","18.2M","$0","0","0"
"null","","","","","","","","","","","","","",""
"","0","0","0","27","27","77","messierdesigners.com","$0","3","0","20.9M","$0","0","0"
"","0","0","0","2","2","5","capasiti.ca","$0","1","0","30.0M","$0","0","0"
"","0","0","0","7","6","8","authenticornot.com","$10","17","4","9.1M","$3","2","1"
"","0","0","0","7","6","8","authenticornot.com","$10","17","4","9.1M","$3","2","1"
"null","","","","","","","","","","","","","",""
"","0","0","0","19","21","132","perked.co","$0","13","19","5.8M","$0","0","0"
"","0","14","14","36","40","162","swelladvantage.com","$0","5","0","26.1M","$0","0","0"
"","0","0","0","5","5","17","thetripleeffect.com","$0","4","32","4.8M","$0","0","0"
"","0","0","0","6","12","48","finalblueprint.com","$0","19","0","28.2M","$0","0","0"
"","0","0","0","33","35","81","rosenzweigco.com","$0","206","129","2.3M","$0","0","0"
"null","","","","","","","","","","","","","",""
"","0","0","0","13","13","34","victorysquare.vc","$0","3","0","43.2M","$0","0","0"
"null","","","","","","","","","","","","","",""
"null","","","","","","","","","","","","","",""
"","0","0","0","435","499","3.4K","live.ca","$1.1K","98","1.9K","439K","$0","0","0"
"null","","","","","","","","","","","","","",""
"","0","0","0","2","2","8","deploy.solutions","$0","14","9","7.2M","$0","0","0"
"","0","0","0","14","14","37","jazlabs.com","$0","6","0","39.3M","$0","0","0"
"null","","","","","","","","","","","","","",""
"null","","","","","","","","","","","","","",""
"","0","0","0","3","3","5","bluecaller.com","$0","3","0","34.3M","$0","0","0"
"","0","0","0","6","6","38","savageinter.net","$0","41","23","5.4M","$0","0","0"
"","0","0","0","7","9","11","vaster.com","$0","4","14","6.4M","$0","0","0"
"","0","0","0","27","32","228","lanilabs.com","$76","30","134","2.3M","$0","0","0"
"","0","0","0","13","15","51","emmetros.com","$0","16","7","7.7M","$0","0","0"
"null","","","","","","","","","","","","","",""
"null","","","","","","","","","","","","","",""
"null","","","","","","","","","","","","","",""
"","0","0","0","5","5","8","ipfinity.com","$0","14","0","43.1M","$0","0","0"
"null","","","","","","","","","","","","","",""
"","0","0","0","1","1","2","adelinelabs.com","$0","1","0","28.4M","$0","0","0"
"","0","0","0","5","5","13","dugo.io","$0","1","0","24.2M","$0","0","0"
"","0","0","0","5","5","28","addtext.me","$0","4","2","10.3M","$0","0","0"
"","0","0","0","58","66","4.4K","grype.ca","$44","196","67","3.3M","$0","0","0"
"","0","0","0","1","1","1","getketty.com","$0","4","0","27.2M","$0","0","0"
"","0","0","0","12","13","32","t4bi.com","$0","83","0","23.3M","$0","0","0"
"","0","0","0","6","6","11","brewhound.ca","$0","207","8","7.6M","$0","0","0"
"","0","0","0","4","4","5","inflectiongroup.com","$0","1","0","38.4M","$0","0","0"
"","0","0","0","7","6","76","streetcast.com","$0","1","3","10.1M","$0","0","0"
"null","","","","","","","","","","","","","",""
"","0","0","0","2","2","3","indbit.com","$0","4","0","24.0M","$0","0","0"
"null","","","","","","","","","","","","","",""
"","0","0","0","5","5","6","ripplecreatives.com","$0","45","0","42.6M","$0","0","0"
"","0","0","0","7","11","40","chasm.co","$0","6","6","8.3M","$0","0","0"
"","0","0","0","14","24","101","chumbuggy.com","$0","3","0","38.3M","$0","0","0"
"","0","0","0","7","7","22","pervasivedynamics.com","$0","1","0","29.4M","$0","0","0"
"","0","0","0","70","97","347","aterica.com","$31","80","62","3.4M","$0","0","0"
"","0","0","0","2","2","2","bitbakery.co","$0","2","0","30.2M","$0","0","0"
"","0","0","0","7","7","13","squishloc.com","$0","7","0","15.3M","$0","0","0"
"null","","","","","","","","","","","","","",""
"","0","0","0","2","2","12","plaidshorts.ca","$0","1","0","23.0M","$0","0","0"
"","0","0","0","32","27","86","chatterresearch.com","$8","47","2","11.1M","$0","0","0"
"null","","","","","","","","","","","","","",""
"","0","0","0","24","36","232","cdling.com","$0","10","0","37.5M","$0","0","0"
"null","","","","","","","","","","","","","",""
"null","","","","","","","","","","","","","",""
"","0","0","0","16","24","437","nufrontier.ca","$0","10","0","42.2M","$0","0","0"
"null","","","","","","","","","","","","","",""
"null","","","","","","","","","","","","","",""
"","0","0","0","227","257","25.6K","reebee.com","$654","2.8K","1.2K","561K","$0","0","0"
"null","","","","","","","","","","","","","",""
"","0","0","0","3.6K","3.7K","36.2K","tunnelbear.com","$60.7K","11.8K","33.0K","43.1K","$4.2K","364","1.9K"
"null","","","","","","","","","","","","","",""
"","0","0","0","19","25","124","invokelabs.com","$0","2","0","30.8M","$0","0","0"
"null","","","","","","","","","","","","","",""
"","0","0","0","11","11","18","cellbie.com","$1","22","5","8.7M","$0","0","0"
"null","","","","","","","","","","","","","",""
"null","","","","","","","","","","","","","",""
"","0","0","0","0","0","0","elle.marketing","$0","1","3","10.1M","$0","0","0"
"","0","0","0","1","1","1","bluescout.ca","$0","1","0","23.3M","$0","0","0"
"","0","0","0","4","6","16","gettingbrighter.com","$0","10","2","10.9M","$0","0","0"
"","0","0","0","0","0","0","manuge.com","$0","11","0","25.2M","$0","0","0"
"null","","","","","","","","","","","","","",""
"null","","","","","","","","","","","","","",""
"","0","0","0","10","6","46","aramaxip.com","$0","2","0","30.5M","$0","0","0"
"","0","0","0","10","10","22","bcadgroup.com","$11","20","88","2.9M","$0","0","0"
"","0","0","0","6","5","28","greycoat.ca","$0","18","0","15.5M","$0","0","0"
"","0","0","0","5","7","307","liveconversations.biz","$0","4","0","34.2M","$0","0","0"
"null","","","","","","","","","","","","","",""
"","0","0","0","0","0","0","popcornlabs.com","$0","1","3","9.7M","$0","0","0"
"null","","","","","","","","","","","","","",""
"null","","","","","","","","","","","","","",""
"","0","0","0","0","0","0","recruitmyfriends.com","$0","8","0","35.9M","$0","0","0"
"null","","","","","","","","","","","","","",""
"","0","0","0","1","1","1","upptackstudios.co","$0","9","0","15.8M","$0","0","0"
"","0","0","0","2","3","3","buckinghamap.com","$0","4","0","19.0M","$0","0","0"
"null","","","","","","","","","","","","","",""
"","0","0","0","16","20","31","blancdenoir.ca","$0","25","0","28.9M","$0","0","0"
"","0","0","0","3","6","30","remotevision.ca","$1","1","1","12.6M","$0","0","0"
"null","","","","","","","","","","","","","",""
"null","","","","","","","","","","","","","",""
"null","","","","","","","","","","","","","",""
"","0","0","0","0","0","0","maximizer.com","$0","0","0","0","$0","0","0"
"","0","0","0","6","6","15","lakecorp.com.au","$0","11","0","27.1M","$0","0","0"
"","0","0","0","1","1","2","ishoni.me","$0","4","0","28.1M","$0","0","0"
"","0","0","0","18","20","38","xylotek.ca","$0","14","0","42.7M","$0","0","0"
"","0","0","0","1","1","2","integrityr.com","$0","2","0","35.0M","$0","0","0"
"null","","","","","","","","","","","","","",""
"","0","0","0","24","14","195","100percenthelpdesk.com","$0","51","0","17.5M","$0","0","0"
"","0","0","0","20","30","108","quebeccityconference.com","$0","54","0","30.8M","$0","0","0"
"","0","0","0","78","77","514","artform.ca","$5","38","1","11.9M","$0","0","0"
"","0","0","0","1","1","10","viaiv.com","$0","11","0","37.5M","$0","0","0"
"","0","0","0","3.7K","3.7K","43.9K","venngage.com","$117K","62.2K","62.6K","25.2K","$7.1K","420","2.7K"
"","0","0","0","1.5K","1.5K","14.2K","canvaspop.com","$116K","20.6K","32.5K","43.5K","$570","66","205"
"null","","","","","","","","","","","","","",""
"","0","0","0","292","369","1.3K","hackeryou.com","$884","997","644","884K","$4","1","3"
"","0","0","0","37","53","164","crowdlinker.com","$0","11","0","22.8M","$0","0","0"
"","0","0","0","7.9K","8.3K","693K","forces.gc.ca","$14.0K","77.1K","41.1K","35.9K","$0","0","0"
"","0","0","0","180K","152K","16.0M","gmail.com","$7.1M","2.3K","7.8M","321","$0","0","0"
"","0","0","0","7.5K","7.7K","1.1M","canlii.org","$1.7K","17.0K","5.1K","195K","$0","0","0"
"","0","0","0","7","7","18","decisiontree.io","$2","28","1","12.3M","$0","0","0"
"","0","0","0","90","103","676","resources.rise.xyz","$4","4","2","11.0M","$0","0","0"
"","0","0","0","36","50","220","i.gojobbliss.com","$3","32","5","8.5M","$0","0","0"
"","0","0","0","180K","152K","16.0M","gmail.com","$7.1M","2.3K","7.8M","321","$0","0","0"
"","0","0","0","302","316","2.0K","eatsleepride.com","$985","8.0K","2.5K","338K","$0","18","31"
"","0","0","0","178","225","899","roadmunk.com","$19.1K","1.5K","4.0K","235K","$3.3K","466","753"
"","0","0","0","0","0","0","wintamplaceconsulting.com","$0","2","1","12.4M","$0","0","0"
"","0","0","0","178","225","899","roadmunk.com","$19.1K","1.5K","4.0K","235K","$3.3K","466","753"
"","0","0","0","0","0","0","mightypebble.com","$0","0","0","0","$0","0","0"
"","0","0","0","0","0","0","bigroom.eco","$367","19","34","4.6M","$0","0","0"
"","0","0","0","11","11","17","profitableconversions.com","$0","3","0","17.1M","$0","0","0"
"","0","172","162","5.2K","5.0K","4.7M","intelius.com","$97.1K","376K","337K","5.9K","$2.7M","242K","3.7M"
